{"cameraMode":{"drawMode":0,"name":"Shaded","section":"Shading Mode"},"sceneLighting":false,"audioPlay":false,"sceneViewState":{"m_AlwaysRefresh":false,"showFog":true,"showSkybox":false,"showFlares":true,"showImageEffects":true,"showParticleSystems":true,"showVisualEffectGraphs":true,"m_FxEnabled":true},"in2DMode":false,"pivot":{"x":0.4389208257198334,"y":0.1577984243631363,"z":-0.23708288371562959},"rotation":{"x":-0.1645815223455429,"y":0.6978865265846252,"z":-0.16991081833839417,"w":-0.6760578751564026},"size":0.0004455692251212895,"orthographic":false}