{"cameraMode":{"drawMode":0,"name":"Shaded","section":"Shading Mode"},"sceneLighting":true,"audioPlay":false,"sceneViewState":{"m_AlwaysRefresh":false,"showFog":true,"showSkybox":true,"showFlares":true,"showImageEffects":true,"showParticleSystems":true,"showVisualEffectGraphs":true,"m_FxEnabled":true},"in2DMode":false,"pivot":{"x":0.0569276325404644,"y":0.3992935121059418,"z":-0.25242701172828677},"rotation":{"x":0.5027919411659241,"y":-0.009182481095194817,"z":0.005614509806036949,"w":0.8644400835037231},"size":0.05712629109621048,"orthographic":false}